{
    "providers": [
        {
            "type": "bitmap",
            "file": "minecraft:font/player.png",
            "ascent": 7,
            "height": 7,
            "chars": [
                    "\u0204"
                ]
        },
        {
            "type": "bitmap",
            "file": "minecraft:font/old.png",
            "ascent": 7,
            "height": 7,
            "chars": [
                    "\u0205"
                ]
        },
        {
            "type": "bitmap",
            "file": "minecraft:font/cat.png",
            "ascent": 7,
            "height": 7,
            "chars": [
                    "\u0206"
                ]
        },
        {
            "type": "bitmap",
            "file": "minecraft:font/helper.png",
            "ascent": 7,
            "height": 7,
            "chars": [
                    "\u0207"
                ]
        },
        {
            "type": "bitmap",
            "file": "minecraft:font/moder.png",
            "ascent": 7,
            "height": 7,
            "chars": [
                    "\u0208"
                ]
        },
        {
            "type": "bitmap",
            "file": "minecraft:font/admin.png",
            "ascent": 7,
            "height": 7,
            "chars": [
                    "\u0209"
                ]
        },
        {
            "type": "bitmap",
            "file": "minecraft:font/media.png",
            "ascent": 7,
            "height": 7,
            "chars": [
                    "\u020A"
                ]
        },
        {
            "type": "bitmap",
            "file": "minecraft:font/streamer.png",
            "ascent": 7,
            "height": 7,
            "chars": [
                    "\u0250"
                ]
        },
        {
            "type": "bitmap",
            "file": "minecraft:font/spons.png",
            "ascent": 7,
            "height": 7,
            "chars": [
                    "\u0169"
                ]
        },
        {
            "type": "bitmap",
            "file": "minecraft:font/sponss.png",
            "ascent": 7,
            "height": 7,
            "chars": [
                    "\u0168"
                ]
        },
        {
            "type": "bitmap",
            "file": "minecraft:font/youtube.png",
            "ascent": 7,
            "height": 7,
            "chars": [
                    "\u0251"
                ]
        },
        {
            "type": "bitmap",
            "file": "minecraft:font/logo.png",
            "ascent": 35,
            "height": 45,
            "chars": [
                    "\u0252"
                ]
        }
    ]
}